title,url,publish_date,sapo,content,char_count,source,scraped_at
"Cập nhật BCTC quý 2/2026 tối ngày 27/7: VIB, FPT Telecom... cùng nhiều doanh nghiệp công bố, MSR gây bất ngờ",https://cafef.vn/cap-nhat-bctc-quy-2-2026-sang-ngay-27-7-mot-ngan-hang-bao-lo-trong-quy-188260726235911934.chn,27-07-2026 - 17:29 PM,,"Các doanh nghiệp mới công bố BCTC quý 2/2026: Saigonbank ghi nhận mức lỗ trước thuế 40 tỷ đồng trong Quý 2/2026, trong khi cùng kỳ năm ngoái lãi 76,4 tỷ đồng. Luỹ kế 6 tháng đầu năm, Saigonbank đạt 48 tỷ đồng tổng lợi nhuận trước thuế, giảm 72,41% so với 6 tháng đầu năm 2025. Tại ĐHĐCĐ bất thường ngày 24/7, ông Trần Tấn Lộc - Quyền Tổng Giám đốc Eximbank cho biết ước tính lợi nhuận trước thuế nửa đầu năm đạt 730 tỷ đồng, hoàn thành 48% mục tiêu cả năm. So với cùng kỳ, lợi nhuận ngân hàng giảm 51%. ﻿ Bích Chi (BCF): lợi nhuận trước thuế quý 2 của BCF sụt giảm 48%, chỉ đạt 22 tỷ đồng. Lũy kế 6 tháng đầu năm, doanh nghiệp báo lãi 50 tỷ đồng, giảm 30% so với nửa đầu năm ngoái. SII rơi vào cảnh thua lỗ trong quý 2 với khoản lỗ trước thuế 5 tỷ đồng (cùng kỳ lãi 34 tỷ), khiến lỗ lũy kế 6 tháng là 12 tỷ đồng. Các doanh nghiệp đã công bố BCTC quý 2/2026 sắp xếp theo ngành:﻿",877,CafeF,2026-07-28 08:34:44
"FPT “bốc hơi” 114.000 tỷ vốn hóa từ đỉnh, bằng 3 ngân hàng cộng lại",https://cafef.vn/fpt-boc-hoi-114000-ty-von-hoa-tu-dinh-bang-3-ngan-hang-cong-lai-18826072623565161.chn,27-07-2026 - 00:08 AM,,"Cổ phiếu FPT vừa có tuần thứ 3 liên tiếp giảm điểm qua đó lùi về mức 62.900 đồng/cp, thấp nhất trong vòng 33 tháng, kể từ đầu tháng 11/2023. So với đỉnh lịch sử thiết lập vào ngày 23/1/2025, cổ phiếu công nghệ hàng đầu Việt Nam đã mất gần 52% thị giá. Vốn hóa thị trường của FPT cũng theo đó “bốc hơi” 114.000 tỷ đồng, con số tương đương tổng giá trị của 3 ngân hàng tầm trung như VIB, TPBank, Eximbank cộng lại. Với giá trị gần 108.000 tỷ đồng, FPT hiện không còn nằm trong top 10 vốn hóa dù từng có thời điểm là tập đoàn tư nhân lớn nhất lớn nhất sàn chứng khoán. Quá trình trượt dài của FPT chịu áp lực rất lớn từ khối ngoại. Chỉ riêng từ đầu năm, cổ phiếu này đã bị nhà đầu tư nước ngoài bán ròng 16.800 tỷ đồng, lớn nhất toàn sàn. Từ vị thế một cổ phiếu được khối ngoại săn đón, FPT giờ đây “hở” room ngoại đến gần 376 triệu đơn vị (tỷ lệ 22%). Điều này phần nào cho thấy sự thay đổi rõ rệt trong góc nhìn của khối ngoại đối với cổ phiếu này dù kết quả kinh doanh vẫn tăng trưởng cao. 6 tháng đầu năm, FPT ghi nhận doanh thu 26.269 tỷ đồng, lợi nhuận trước thuế 5.714 tỷ đồng, lần lượt tăng 12,6% và 18,1% so với cùng kỳ năm ngoái. Lợi nhuận sau thuế cho cổ đông công ty mẹ đạt 5.055 tỷ đồng, tăng trưởng 14,1%. ﻿Tính riêng quý 2/2026, doanh thu thuần của FPT ghi nhận 13.789 tỷ đồng, giảm 17% so với cùng kỳ và lợi nhuận sau thuế thuộc về công ty mẹ đạt 2.568 tỷ đồng, tăng 14% so với cùng kỳ năm ngoái. Trước bối cảnh kinh tế toàn cầu còn nhiều thách thức, doanh thu mảng Dịch vụ CNTT nước ngoài duy trì tăng trưởng 13,4%, đạt 18.902 tỷ đồng. Động lực tăng trưởng chính đến từ thị trường Nhật Bản với mức tăng trưởng đạt 24,4% so với cùng kỳ. Kết thúc 6 tháng đầu năm 2026, doanh thu ký mới của mảng Dịch vụ CNTT nước ngoài đạt 26.338 tỷ đồng, tăng trưởng 32,3% so với cùng kỳ, cho thấy dấu hiệu phục hồi tích cực. Khẳng định vị thế là công ty công nghệ tỷ đô đẳng cấp toàn cầu, FPT liên tục thắng thầu 14 dự án lớn (trên 10 triệu USD mỗi dự án), tăng 27,3% so với cùng kỳ. Doanh thu chuyển đổi số từ thị trường nước ngoài đạt 9.610 tỷ đồng, tăng trưởng 23,8% so với cùng kỳ, tập trung vào các công nghệ mới như AI/Data Analytics, Cybersecurity, ... Trong đó, doanh thu từ Dịch vụ AI/Data Analytics đạt 1.842 tỷ đồng, tăng trưởng 54% so với cùng kỳ. Theo báo cáo phân tích mới đây của KBSV, chi tiêu CNTT toàn cầu dự kiến đạt 6.310 tỷ USD vào năm 2026, tăng 13,5% so với năm 2025, tập trung mạnh vào trung tâm dữ liệu (tăng 55,8%) và phần mềm (tăng 15,1%) nhờ nhu cầu xây dựng hạ tầng tính toán phục vụ AI. Lĩnh vực Dịch vụ CNTT được dự báo đạt 1.870 tỷ USD vào năm 2026 với tốc độ tăng trưởng 9.0%, trở thành phân khúc lớn nhất trong tổng chi tiêu CNTT toàn cầu, phản ánh xu hướng gia tăng nhu cầu tư vấn, triển khai, hiện đại hóa hệ thống, chuyển đổi số và ứng dụng AI trong doanh nghiệp. KBSV cho rằng, trong tương lai, xu hướng sử dụng các mô hình AI mã nguồn mở kết hợp với các giải pháp độc quyền, nhằm tối ưu chi phí, hiệu năng và khả năng kiểm soát dữ liệu sẽ được ưu tiên. Đối với mảng Dịch vụ CNTT trong nước, FPT ghi nhận doanh thu đạt 4.236 tỷ đồng (tăng 22,5% so với cùng kỳ) và lợi nhuận trước thuế đạt 308 tỷ đồng (tăng 100,5% so với cùng kỳ), chủ yếu nhờ gia tăng tỷ trọng dịch vụ/phần mềm, đặc biệt từ các cơ hội mở rộng ở cả khối khách hàng tư nhân và khu vực công. Mới đây, FPT đã được Bộ Công an cấp Giấy chứng nhận đủ điều kiện kinh doanh sản phẩm, dịch vụ trung gian dữ liệu, trở thành một trong những doanh nghiệp tiên phong đáp ứng các yêu cầu pháp lý theo Luật Dữ liệu. Chứng nhận này tạo nền tảng để FPT cung cấp các dịch vụ chia sẻ, kết nối và khai thác dữ liệu an toàn, góp phần hoàn thiện năng lực triển khai các giải pháp AI và dữ liệu cho khách hàng doanh nghiệp cũng như khu vực công. Hệ sinh thái sản phẩm Made-by-FPT tiếp tục đà tăng trưởng mạnh mẽ, ghi nhận doanh thu 1.264 tỷ đồng (tăng 0,1% so với cùng kỳ).",3857,CafeF,2026-07-28 08:34:50
"Loạt cổ phiếu cơ bản FPT, MWG, SSI đều giảm 2 chữ số từ đầu năm, chuyên gia lý giải nguyên nhân",https://cafef.vn/loat-co-phieu-co-ban-fpt-mwg-ssi-deu-giam-2-chu-so-tu-dau-nam-chuyen-gia-ly-giai-nguyen-nhan-188260726222602846.chn,27-07-2026 - 00:01 AM,,"Từ đầu năm, hàng loạt cổ phiếu được đánh giá có nền tảng cơ bản tốt như VJC, SSI, MWG, MSN… đều giảm hai chữ số. FPT, cổ phiếu từng được nhiều nhà đầu tư lựa chọn cho chiến lược tích sản dài hạn, thậm chí lùi xuống vùng giá thấp nhất trong gần 3 năm. Ông Bùi Văn Huy, Tổng Giám đốc CTCP FDIT chỉ ra rằng diễn biến này không khó hiểu nếu nhìn từ góc độ định giá. Cổ phiếu FPT lùi về vùng đáy gần 3 năm (kể từ đầu tháng 11/2023) Khi lãi suất tăng, không chỉ những doanh nghiệp yếu chịu ảnh hưởng mà toàn bộ thị trường bước vào quá trình định giá lại. Những cổ phiếu được xem là tốt, an toàn và sở hữu câu chuyện tăng trưởng dài hạn thường từng được thị trường chấp nhận trả mức định giá cao hơn mặt bằng chung. Vì vậy, khi chi phí vốn tăng, chính nhóm này có thể đối mặt với mức co hẹp định giá mạnh hơn. Nói cách khác, vấn đề không chỉ nằm ở chất lượng doanh nghiệp, mà còn ở mức giá nhà đầu tư sẵn sàng trả cho chất lượng đó trong một môi trường lãi suất mới. Theo chuyên gia FIDT, với mặt bằng lãi suất hiện tại, thị trường đang chấp nhận mức P/E thấp hơn so với trước đây. Do đó, việc một số cổ phiếu cơ bản tốt giảm sâu hơn VN-Index vẫn có thể xảy ra, ngay cả khi triển vọng dài hạn của doanh nghiệp chưa thay đổi đáng kể. Về dài hạn, khi áp lực lãi suất hạ nhiệt, mặt bằng định giá hiện tại mới có thể trở nên hấp dẫn hơn. Với những nhà đầu tư đang “mắc kẹt” tại những cổ phiếu này, ông Huy khuyến nghị không nên nhìn từng mã cổ phiếu một cách tách biệt, mà cần rà soát toàn bộ danh mục trong tổng thể tài sản đang sở hữu. Lời khuyên là nên phân bổ tỷ trọng hợp lý trong tổng tài sản, tránh để danh mục cổ phiếu chiếm tỷ lệ quá lớn trong giai đoạn mặt bằng lãi suất còn cao. Với những nhà đầu tư đã xác định nắm giữ dài hạn các doanh nghiệp tốt, chiến lược này cần đi kèm kỷ luật quản trị vốn, duy trì lượng tiền mặt dự phòng và tránh đặt bản thân vào trạng thái buộc phải bán cổ phiếu ở thời điểm bất lợi. “Trong giai đoạn này, quản trị tài sản quan trọng không kém chuyện chọn cổ phiếu”, ông Huy nhấn mạnh. Thị trường mới ở pha 2 của quá trình điều chỉnh Đánh giá về mức độ thua lỗ trên thị trường, Tổng Giám đốc FIDT cho rằng tình trạng thua lỗ đã xuất hiện tương đối rộng, song tâm lý nhà đầu tư chưa rơi vào trạng thái cực điểm. Cổ phiếu đã giảm mạnh, nhưng thị trường chưa xuất hiện một pha hoảng loạn thực sự từ nhóm nhà đầu tư cá nhân. Vị chuyên gia FIDT nhấn mạnh quá trình điều chỉnh kể từ vùng đỉnh có thể được chia thành ba giai đoạn: Giai đoạn đầu là thời điểm những nhà đầu tư nhạy bén nhất bán ra trước, trong khi thị trường vẫn tràn ngập các thông tin tích cực như triển vọng tăng trưởng, câu chuyện nâng hạng hay kỳ vọng lợi nhuận doanh nghiệp. Giai đoạn thứ hai diễn ra khi các tổ chức bắt đầu cắt lỗ. Lúc này, câu chuyện trên thị trường chuyển dần sang mặt bằng lãi suất cao, áp lực vốn và sự tắc nghẽn của các kênh dẫn vốn. Dòng tiền lớn nhận ra những giả định ban đầu không còn phù hợp và buộc phải hành động. Giai đoạn cuối cùng mới là lúc nhà đầu tư cá nhân cắt lỗ hàng loạt, sau khi thị trường giảm quá sâu, chi phí vốn trở nên khó chịu đựng, các vị thế margin chịu sức ép và thông tin tiêu cực xuất hiện dày đặc. Theo ông Huy, thị trường hiện vẫn đang ở giai đoạn thứ hai. Nhịp điều chỉnh đã đủ mạnh để dòng tiền lớn thừa nhận rủi ro và giảm tỷ trọng, nhưng chưa đến mức nhà đầu tư cá nhân đồng loạt buông xuôi. Thông thường, sau khi trải qua giai đoạn bán tháo mạnh từ nhà đầu tư cá nhân, xác suất thị trường tạo đáy rõ ràng mới cao hơn, dù tại thời điểm đó các thông tin tiêu cực có thể vẫn còn xuất hiện. Chưa nên nóng vội bắt đáy Theo chuyên gia FIDT, những giai đoạn tâm lý chán nản thường mở ra cơ hội đầu tư tốt. Tuy nhiên, giá giảm sâu không đồng nghĩa cơ hội đã lập tức xuất hiện. Vùng mua tốt nhất thường cần hội tụ đồng thời hai yếu tố: định giá hấp dẫn đi cùng với sự giải tỏa mạnh về tâm lý và áp lực bán. Trong bối cảnh hiện tại, ông Huy cho rằng nhà đầu tư nên ưu tiên sự kiên nhẫn, kiểm soát rủi ro và giữ sức mua, thay vì nóng vội bắt đáy chỉ vì nhiều cổ phiếu đã giảm mạnh.",4020,CafeF,2026-07-28 08:34:54
Bắt quản lý cửa hàng FPT Shop Nguyễn Phúc Linh SN 1993,https://cafef.vn/bat-quan-ly-cua-hang-fpt-shop-nguyen-phuc-linh-sn-1993-188260724061501982.chn,24-07-2026 - 08:10 AM,,"Công an tỉnh Khánh Hòa ngày 23/7/2026 cho biết đã khởi tố vụ án, khởi tố 01 bị can về tội “Tham ô tài sản” xảy ra tại Cửa hàng FPT Shop, phường Cam Ranh. Trước đó, ngày 28/4/2026, Cơ quan Cảnh sát điều tra Công an tỉnh Khánh Hòa tiếp nhận tin báo của đại diện Cửa hàng FPT Shop (thuộc TDP Lộc Thành, phường Cam Ranh) về việc Nguyễn Phúc Linh (sinh năm 1993, trú thôn Hạnh Trí 2, xã Ninh Sơn, là Phó quản lý cửa hàng) có hành vi chiếm đoạt tiền bán hàng và điện thoại của cửa hàng. Qua công tác điều tra, Cơ quan Cảnh sát điều tra Công an tỉnh Khánh Hòa xác định: Trong khoảng thời gian từ ngày 24/4/2026 đến ngày 28/4/2026, Cửa hàng FPT Shop Cam Ranh không có Cửa hàng trưởng; do đó, Nguyễn Phúc Linh, Phó quản lý cửa hàng được giao nhiệm vụ quản lý toàn bộ hoạt động, tài sản, quỹ của cửa hàng. Đối tượng Nguyễn Phúc Linh (áo màu đen) tại cơ quan Công an - Ảnh: Công an Khánh Hòa Lợi dụng chức trách, nhiệm vụ được giao, ngày 27/4/2026, Nguyễn Phúc Linh đã tự ý lấy 02 điện thoại iPhone 17 Promax trưng bày tại cửa hàng để bán cho khách và yêu cầu khách chuyển tiền vào tài khoản cá nhân. Cùng ngày, Linh chỉ đạo nhân viên lấy tổng cộng 399 triệu đồng từ doanh thu trong ngày và két sắt của cửa hàng rồi chuyển vào tài khoản cá nhân. Ngày 28/4/2026, Linh tiếp tục tự ý mở két sắt của cửa hàng, lấy 260 triệu đồng tiền mặt và chuyển vào tài khoản cá nhân. Chỉ trong vòng 02 ngày, Nguyễn Phúc Linh đã chiếm đoạt tổng cộng 02 điện thoại (có tổng giá trị gần 37 triệu đồng) và số tiền 659 triệu đồng để tiêu xài. Sau khi Công ty kiểm kê tài sản, Linh đã nộp lại 01 triệu đồng. Căn cứ kết quả điều tra, ngày 22/7/2026, Cơ quan Cảnh sát điều tra Công an tỉnh Khánh Hòa đã ban hành Quyết định khởi tố vụ án “Tham ô tài sản” xảy ra tại Cửa hàng FPT Shop phường Cam Ranh, khởi tố bị can đối với Nguyễn Phúc Linh về tội “Tham ô tài sản” theo quy định tại điểm a, khoản 3, Điều 353 Bộ luật Hình sự năm 2015 (sửa đổi, bổ sung năm 2017 và năm 2025). Hiện vụ án đang tiếp tục được điều tra, xử lý theo quy định của pháp luật.",2012,CafeF,2026-07-28 08:34:28
Nóng: Khởi tố 1 Phó quản lý FPT Shop,https://cafef.vn/nong-khoi-to-1-pho-quan-ly-fpt-shop-188260724154050384.chn,24-07-2026 - 15:41 PM,,"Mới đây, Cơ quan Cảnh sát điều tra Công an tỉnh Khánh Hòa vừa ra quyết định khởi tố vụ án và khởi tố bị can đối với Nguyễn Phúc Linh (SN 1993, trú xã Ninh Sơn, tỉnh Khánh Hòa), nguyên Phó quản lý Cửa hàng FPT Shop tại phường Cam Ranh, để điều tra về tội ""Tham ô tài sản"" theo quy định tại điểm a, khoản 3, Điều 353 Bộ luật Hình sự. Theo kết quả điều tra ban đầu, vụ việc được phát hiện sau khi đại diện Cửa hàng FPT Shop Cam Ranh trình báo cơ quan công an vào ngày 28/4/2026 về việc Nguyễn Phúc Linh có dấu hiệu chiếm đoạt tiền bán hàng và tài sản của cửa hàng. Bị can Nguyễn Phúc Linh tại cơ quan công an (Ảnh: CAKH) Quá trình xác minh cho thấy, trong thời gian từ ngày 24 đến 28/4/2026, cửa hàng không có Cửa hàng trưởng trực tiếp điều hành. Với vai trò là Phó quản lý, Nguyễn Phúc Linh được giao phụ trách toàn bộ hoạt động kinh doanh, quản lý tài sản, quỹ tiền mặt cũng như các công việc vận hành của cửa hàng. Lợi dụng việc được giao quyền quản lý, Linh bị cáo buộc đã thực hiện nhiều hành vi nhằm chiếm đoạt tài sản của doanh nghiệp. Cụ thể, vào ngày 27/4/2026, Linh tự ý lấy hai chiếc iPhone 17 Pro Max đang được trưng bày tại cửa hàng để bán cho khách. Thay vì yêu cầu khách thanh toán vào tài khoản của doanh nghiệp theo quy định, Linh yêu cầu chuyển tiền trực tiếp vào tài khoản ngân hàng cá nhân. Không dừng lại ở đó, cũng trong ngày này, Linh còn chỉ đạo nhân viên lấy tổng cộng 399 triệu đồng từ doanh thu bán hàng trong ngày và số tiền được cất giữ trong két sắt của cửa hàng để chuyển vào tài khoản của mình. Đến ngày hôm sau, 28/4, khi vẫn đang là người trực tiếp quản lý cửa hàng, Linh tiếp tục tự ý mở két sắt và lấy thêm 260 triệu đồng tiền mặt trước khi chuyển toàn bộ số tiền này vào tài khoản cá nhân. Theo cơ quan điều tra, chỉ trong vòng hai ngày, Nguyễn Phúc Linh đã chiếm đoạt tổng cộng 659 triệu đồng tiền mặt cùng hai chiếc iPhone 17 Pro Max có tổng giá trị gần 37 triệu đồng. Tổng giá trị tài sản bị chiếm đoạt lên tới gần 696 triệu đồng. Số tiền và tài sản trên sau đó được Linh sử dụng để phục vụ mục đích chi tiêu cá nhân. Chỉ đến khi Công ty tiến hành kiểm kê tài sản và phát hiện những dấu hiệu bất thường, vụ việc mới bị đưa ra ánh sáng. Sau đó, Linh chỉ nộp lại 1 triệu đồng. Từ các tài liệu, chứng cứ thu thập được, ngày 22/7/2026, Cơ quan Cảnh sát điều tra Công an tỉnh Khánh Hòa đã ban hành quyết định khởi tố vụ án hình sự về tội ""Tham ô tài sản"", đồng thời khởi tố bị can đối với Nguyễn Phúc Linh để phục vụ công tác điều tra. Theo quy định của Bộ luật Hình sự, tội tham ô tài sản là hành vi của người có chức vụ, quyền hạn lợi dụng vị trí được giao để chiếm đoạt tài sản mà mình có trách nhiệm quản lý. Với số tiền bị cáo buộc chiếm đoạt trong vụ án này, bị can bị khởi tố theo điểm a, khoản 3, Điều 353 Bộ luật Hình sự. Hiện Cơ quan Cảnh sát điều tra Công an tỉnh Khánh Hòa đang tiếp tục mở rộng điều tra, làm rõ toàn bộ diễn biến vụ việc và xử lý theo đúng quy định của pháp luật. *Theo: Cổng Thông tin điện tử Công an tỉnh Khánh Hòa",2977,CafeF,2026-07-28 08:34:58
Siêu dự án công viên công nghệ 2 tỷ USD của Tập đoàn FPT tại “làng hoa” có diễn biến mới,https://cafef.vn/sieu-du-an-cong-vien-cong-nghe-2-ty-usd-cua-tap-doan-fpt-tai-lang-hoa-co-dien-bien-moi-188260722151954553.chn,22-07-2026 - 15:22 PM,,"Mới đây, Sở Tài chính Hà Nội đã có báo cáo gửi Thường trực HĐND thành phố về tình hình triển khai Công viên công nghệ số và hỗn hợp tại phường Tây Tựu, phường Phú Diễn. Dự án có sơ bộ vốn đầu tư gần 53.764 tỷ đồng (hơn 2 tỷ USD), quy mô sử dụng đất gần 197 ha, gồm 3 cấu phần chính. Thứ nhất là Công viên công nghệ số tập trung, đổi mới sáng tạo, chuyển đổi số (169 ha). Thứ hai là Khu hỗn hợp HH1 (gần 14 ha), tại đây bố trí các công trình hỗn hợp cao tầng có chức năng nhà ở để bán, cho thuê mua, cho thuê. Thứ ba là phần đất an ninh và công cộng (hơn 14 ha), nhà đầu tư bố trí vốn giải phóng mặt bằng (GPMB) và đầu tư hạ tầng kỹ thuật bên ngoài khu đất, sau đó bàn giao lại cho thành phố để bố trí địa điểm cho Bộ Công an. Công trình dự kiến đáp ứng nhu cầu làm việc cho khoảng 60.000 chuyên gia, kỹ sư và các lao động phụ trợ khác, đồng thời đáp ứng nhu cầu nhà ở cho khoảng 30.000 người. Tiến độ thực hiện từ năm 2026 - 2031. Đầu năm nay, dự án đã được UBND TP Hà Nội chấp thuận chủ trương triển khai thực hiện và phê duyệt kết quả lựa chọn nhà đầu tư đối với Tập đoàn FPT. Sau khi dự án được khởi công vào ngày 16/1/2026, Hà Nội đã chỉ đạo hoàn thiện các điều kiện theo quy định của pháp luật về khởi công xây dựng công trình dự án thành phần thuộc dự án tổng thể trong thời hạn 6 tháng kể từ ngày khởi công. Qua rà soát, trong phạm vi ranh giới thực hiện Công viên công nghệ số và hỗn hợp tại phường Tây Tựu, phường Phú Diễn không có dự án chồng lấn. Đến giữa tháng 4, thành phố có quyết định về chủ trương thực hiện dự án bồi thường, hỗ trợ, tái định cư độc lập phục vụ triển khai công viên, dự kiến hoàn thành trong tháng 9. Tập đoàn FPT đã thống nhất phương thức ứng vốn GPMB với UBND phường Phú Diễn và phường Tây Tựu. Hai địa phương đang triển khai các thủ tục liên quan đến GPMB. Bên cạnh đó, dự án đã hoàn thành lấy ý kiến cộng đồng về quy hoạch. Nhà đầu tư đã nộp hồ sơ đề nghị chấp thuận chủ trương đầu tư dự án, Sở Tài chính đang tổng hợp, báo cáo UBND thành phố. Theo Sở Tài chính, hiện nay công tác GPMB của dự án và công tác lập, thẩm định phê duyệt quy hoạch chi tiết 1/500 đang chậm theo kế hoạch. Lý do phần lớn bởi quá trình cập nhật bổ sung các chỉ tiêu dân số và chỉ tiêu quy hoạch của lô đất dành cho Bộ Công an, việc này cần thời gian để các bên tính toán sự đáp ứng của hạ tầng xã hội, đảm bảo tuân thủ quy chuẩn Việt Nam. Thời gian tới, các sở ngành, xã phường cần đẩy nhanh tiến độ GPMB thực hiện dự án, khẩn trương trình thẩm định phê duyệt quy hoạch chi tiết 1/500 và trình thẩm định phê duyệt chủ trương đầu tư dự án theo quy định.",2565,CafeF,2026-07-28 08:34:40
"Một “cá mập” chứng khoán tạm lỗ hơn 400 tỷ đồng vì FPT, KDH và MWG",https://cafef.vn/mot-ca-map-chung-khoan-tam-lo-hon-400-ty-dong-vi-fpt-kdh-va-mwg-188260721155516369.chn,21-07-2026 - 16:06 PM,,"CTCP Chứng khoán Vietcap vừa công bố báo cáo tài chính quý II/2026 với doanh thu hoạt động đạt gần 1.176 tỷ đồng, tăng nhẹ 1% so với cùng kỳ năm trước. Lợi nhuận sau thuế đạt 250,6 tỷ đồng, tăng hơn 36%. Theo giải trình của doanh nghiệp, tổng chi phí trong quý giảm khoảng 5%, dù chi phí lãi vay tăng mạnh. Lũy kế 6 tháng đầu năm, Vietcap ghi nhận doanh thu hoạt động hơn 2.582 tỷ đồng, tăng 28%; lợi nhuận sau thuế đạt hơn 591 tỷ đồng, tăng 23% so với cùng kỳ. Tuy nhiên, phía sau kết quả kinh doanh tăng trưởng, một số khoản đầu tư cổ phiếu của công ty đang ghi nhận mức lỗ lớn theo giá thị trường tại cuối tháng 6. Tại ngày 30/6, Vietcap ghi nhận giá vốn khoản đầu tư FPT gần 649 tỷ đồng, trong khi giá trị thị trường chỉ còn khoảng 437 tỷ đồng. Khoản đầu tư này đang tạm lỗ hơn 212 tỷ đồng, tương đương gần 33% giá vốn. Với KDH, công ty đầu tư gần 930 tỷ đồng nhưng giá trị thị trường cuối quý II chỉ còn khoảng 743 tỷ đồng, tương ứng mức tạm lỗ gần 187 tỷ đồng. Khoản đầu tư MWG có giá vốn hơn 306 tỷ đồng, trong khi giá trị thị trường còn hơn 271 tỷ đồng, tạm lỗ gần 35 tỷ đồng. Tổng cộng, ba khoản đầu tư FPT, KDH và MWG khiến Vietcap tạm lỗ khoảng 434 tỷ đồng tại thời điểm cuối tháng 6. Ở chiều ngược lại, Vietcap vẫn đang tạm lãi gần 1.770 tỷ đồng tại IDP, với giá vốn khoảng 441 tỷ đồng và giá trị ghi nhận hơn 2.210 tỷ đồng. Khoản đầu tư MCH cũng tạm lãi khoảng 165 tỷ đồng, nhưng thấp hơn đáng kể so với mức gần 988 tỷ đồng đầu năm. Xét toàn bộ nhóm đầu tư cổ phiếu, trái phiếu và các tài sản tài chính khác, Vietcap vẫn ghi nhận gần 229 tỷ đồng lãi trong quý II, cao gần gấp ba lần cùng kỳ.﻿ Trong quý II, hoạt động cho vay và ứng trước tiền bán mang về hơn 463 tỷ đồng, tăng gần 80% so với cùng kỳ và là nguồn thu lớn nhất của Vietcap. Dư nợ cho vay ký quỹ tại cuối tháng 6 đạt hơn 16.646 tỷ đồng, tăng khoảng 4% so với cuối năm 2025. Để phục vụ hoạt động kinh doanh, nợ vay ngắn hạn tăng từ hơn 16.064 tỷ đồng lên gần 21.704 tỷ đồng, kéo chi phí lãi vay quý II tăng hơn gấp đôi lên hơn 319 tỷ đồng. Ngoài cho vay, thu nhập từ danh mục đầu tư đạt gần 229 tỷ đồng như đã đề cập ở trên. Ngược lại, hoạt động mua bán tự doanh ghi nhận lỗ ròng gần 36 tỷ đồng. Hoạt động môi giới mang về gần 226 tỷ đồng doanh thu, trong khi chi phí trực tiếp đạt gần 186 tỷ đồng. Theo Vietcap, trong quý II/2026, công ty đứng thứ 4 về thị phần môi giới cổ phiếu trên HoSE với 7% thị phần. Đối với khách hàng tổ chức, Vietcap tiếp tục dẫn đầu với hơn 28% thị phần môi giới, qua đó góp phần thúc đẩy doanh thu môi giới ở cả nhóm khách hàng cá nhân và tổ chức.﻿ Trên thị trường, cổ phiếu VCI đang giao dịch quanh 20.150 đồng/cổ phiếu trong phiên 21/7.﻿",2643,CafeF,2026-07-28 08:34:30
"Sau 1 năm, 2 nhà máy AI Factory của FPT tại Việt Nam và Nhật Bản ra sao?",https://cafef.vn/sau-1-nam-2-nha-may-ai-factory-cua-fpt-tai-viet-nam-va-nhat-ban-ra-sao-188260719224558711.chn,20-07-2026 - 00:04 AM,,"Trong báo cáo sơ bộ về kết quả kinh doanh 6 tháng đầu năm 2026, Tập đoàn FPT cho biết, sau hơn một năm đi vào vận hành, cả hai cụm AI Factory tại Việt Nam và Nhật Bản đã đạt mức khai thác trên 90% và đều ghi nhuận lợi nhuận trong quý 2/2026. FPT cùng các đối tác lớn đồng phát triển các giải pháp Generative AI và Agentic AI, thúc đẩy triển khai AI trên quy mô doanh nghiệp. Mảng Dịch vụ AI & Data Analytics ghi nhận doanh thu 1.842 tỷ đồng, tăng 54% so với cùng kỳ. FPT nhận định, điều này cho thấy xu hướng chuyển dịch từ các dự án AI thử nghiệm sang triển khai trên quy mô doanh nghiệp. Được biết, ﻿sau vụ đầu tư 200 triệu USD vào AI Factory (nhà máy AI) tại Hà Nội , FPT đã quyết định đầu tư 200 triệu USD nữa cho AI Factory tại Nhật Bản để đáp ứng nhu cầu AI ngày càng tăng ở thị trường Nhật Bản. 2 nhà máy này đều đi vào hoạt động từ cuối năm 2024. Theo FPT, nhà máy AI tại Nhật Bản có 146.304 lõi xử lý, hiệu năng đạt 49,85 PFlops theo chuẩn Linpack. Nhà máy tại Việt Nam có 142.240 lõi xử lý, hiệu năng đạt 46,65 PFlops. Cả hai sử dụng mạng InfiniBand NDR400, hỗ trợ mở rộng từ một GPU đơn lẻ đến cụm hàng trăm máy chủ xử lý song song tại mỗi khu vực.﻿ Tháng 6/2025, hai nhà máy AI Factory do FPT phát triển vào top 500 siêu máy tính mạnh nhất thế giới, dựa trên tiêu chuẩn đo lường Linpack. ""Đây cũng là dấu mốc đưa Việt Nam lần đầu tiên vào nhóm 15 quốc gia AI hàng đầu thế giới, cùng các cường quốc như Mỹ, Trung Quốc, Nhật Bản, Đức và Pháp, minh chứng cho nỗ lực của FPT trong nâng cao vị thế công nghệ quốc gia"", đại diện FPT nói. Nửa đầu năm, công ty ghi nhận doanh thu 26.269 tỷ đồng, lợi nhuận trước thuế 5.714 tỷ đồng, lần lượt tăng 12,6% và 18,1% so với cùng kỳ năm ngoái. Mặc dù vậy, giá cổ phiếu FPT đã rơi xuống mức thấp nhất 2 năm qua, đóng cửa phiên giao dịch ngày 17/7/2026 tại mức giá 67.000 đồng, tương đương vốn hóa thị trường chưa đầy 115.000 tỷ đồng (4,4 tỷ USD).﻿",1893,CafeF,2026-07-28 08:34:36
"Ôm loạt ""cổ phiếu quốc dân"" FPT, HPG, MWG, SSI... vẫn lỗ nặng: Nhà đầu tư nên làm gì?",https://cafef.vn/om-loat-co-phieu-quoc-dan-fpt-hpg-mwg-ssi-van-lo-nang-nha-dau-tu-nen-lam-gi-188260719230622921.chn,20-07-2026 - 00:01 AM,,"Nếu loại trừ nhóm Vingroup, thị trường chứng khoán chỉ giảm khoảng 5% từ đầu năm. Tuy nhiên, hàng loạt cổ phiếu đầu ngành đã lao dốc gấp vài lần mức giảm của VN-Index chỉ sau vài tháng. Không chỉ PNJ hay DGC đổ đèo vì những câu chuyện riêng, hàng loạt “cổ phiếu quốc dân” như Thế Giới Di Động (MWG), Hoà Phát (HPG), Chứng khoán SSI (SSI), Masan (MSN), FPT Retail (FRT) đều giảm sâu từ 10-20%, huyền thoại tích sản như FPT thậm chí rơi gần 30% so với đầu năm. Điều này khiến không ít nhà đầu tư nắm giữ ""mắc kẹt"" . Điều đáng nói, phần lớn trong số này vẫn là những doanh nghiệp đầu ngành với nền tảng cơ bản và triển vọng tăng trưởng không thay đổi. Nghịch lý đó khiến nhiều nhà đầu tư đặt câu hỏi: vì sao chọn đúng doanh nghiệp vẫn thua lỗ? Công ty tốt chưa chắc là khoản đầu tư tốt Theo ông Thái Quang Trung, CFA, Giám đốc Đầu tư kiêm Nhà điều hành quỹ VinaCapital, điều đầu tiên nhà đầu tư cần chấp nhận là sai lầm trong đầu tư là điều không thể tránh khỏi. Ngay cả những huyền thoại như Warren Buffett, Charlie Munger, Jim Simons, Li Lu hay Peter Lynch cũng từng có những khoản đầu tư thất bại, thậm chí rất đắt giá. "" Điều tạo nên sự khác biệt không phải là họ không mắc sai lầm, mà là đủ bền bỉ để vượt qua, đủ khiêm nhường để nhìn lại, rút kinh nghiệm và liên tục hoàn thiện quy trình đầu tư. Chính điều đó giúp họ vẫn đạt được thành quả vượt trội trong dài hạn"" , ông nói. Đề cập đến việc nhiều nhà đầu tư vẫn thua lỗ dù nắm giữ các doanh nghiệp đầu ngành, đại diện VinaCapital cho rằng cần phân biệt giữa ""công ty tốt"" và ""cổ phiếu tốt"". Theo ông, giá cổ phiếu không chỉ phản ánh chất lượng doanh nghiệp mà còn phản ánh kỳ vọng của thị trường. Một doanh nghiệp tốt nhưng được mua ở mức định giá quá cao hoặc đúng đỉnh chu kỳ vẫn có thể trở thành một khoản đầu tư kém hiệu quả. Vì vậy, mỗi quyết định đầu tư đều được đánh giá đồng thời trên hai yếu tố: chất lượng doanh nghiệp và mức định giá, thay vì chỉ nhìn vào tên tuổi hay vị thế dẫn đầu của doanh nghiệp. Cổ phiếu đầu ngành giảm mạnh vì kỳ vọng bị định giá lại﻿ Đồng quan điểm, ông Lương Duy Phước, Giám đốc Nghiên cứu Thị trường Chứng khoán Kafi, cho rằng giá cổ phiếu phản ánh kỳ vọng tương lai nhiều hơn là kết quả kinh doanh hiện tại. Những doanh nghiệp chất lượng thường được giao dịch với mức định giá cao do thị trường kỳ vọng lớn vào tăng trưởng. Khi kỳ vọng suy giảm hoặc dòng tiền rút khỏi tài sản rủi ro, chính nhóm cổ phiếu này lại chịu áp lực định giá lại mạnh hơn. Bên cạnh đó, các cổ phiếu đầu ngành thường có thanh khoản lớn, được các tổ chức và quỹ đầu tư nắm giữ với tỷ trọng cao. Trong những giai đoạn thị trường điều chỉnh, nhóm cổ phiếu này được ưu tiên bán trước để giảm tỷ trọng rủi ro vì có thể giao dịch khối lượng lớn mà không gây biến động giá quá mạnh. Đồng thời, đây cũng là nhóm được sử dụng nhiều làm tài sản đảm bảo margin, khiến áp lực bán càng gia tăng khi thị trường suy yếu. Thêm vào đó, chuyên gia Kafi nhận định mỗi doanh nghiệp cũng chịu những áp lực riêng: VJC chịu tác động từ giá dầu, MWG và MSN phụ thuộc sức mua tiêu dùng, còn FPT đối mặt quá trình điều chỉnh định giá sau nhiều năm giao dịch ở mức premium, cùng tâm lý thận trọng với nhóm công nghệ trên toàn cầu. Thay vì nhìn vào khoản lỗ, hãy nhìn lại triển vọng doanh nghiệp Từ góc độ chiến lược đầu tư, ông Nguyễn Anh Khoa, Giám đốc Phân tích Agriseco, cho rằng việc nhiều cổ phiếu cơ bản giảm sâu không đồng nghĩa triển vọng doanh nghiệp đã xấu đi. Trong bối cảnh nhà đầu tư giảm đòn bẩy, khối ngoại bán ròng và khẩu vị rủi ro suy yếu, nhóm cổ phiếu vốn hóa lớn, thanh khoản cao thường chịu áp lực bán mạnh hơn mặt bằng chung. Theo ông, nhà đầu tư đang nắm giữ cổ phiếu nên rà soát lại triển vọng của từng doanh nghiệp thay vì chỉ nhìn vào mức lỗ của tài khoản. Nếu nền tảng kinh doanh và động lực tăng trưởng vẫn được duy trì, có thể tiếp tục nắm giữ và cân nhắc gia tăng tỷ trọng tại những vùng giá đã chiết khấu hấp dẫn. Ngược lại, với các doanh nghiệp có triển vọng suy giảm, nhà đầu tư nên chủ động cơ cấu danh mục ở các nhịp hồi để dành nguồn lực cho những cơ hội có chất lượng tốt hơn.",4055,CafeF,2026-07-28 08:34:42
Nhóm quỹ ngoại không còn là cổ đông lớn tại FPT Retail,https://cafef.vn/nhom-quy-ngoai-khong-con-la-co-dong-lon-tai-fpt-retail-188260719073830916.chn,19-07-2026 - 07:38 AM,,"Nhóm quỹ ngoại Dragon Capital vừa có báo cáo về thay đổi sở hữu của nhóm nhà đầu tư nước ngoài là cổ đông lớn, nhà đầu tư nắm giữ từ 5% trở lên cổ phiếu tại Công ty Cổ phần Bán lẻ Kỹ thuật số FPT (FPT Retail, MCK: FRT, sàn HoSE). Theo đó, trong phiên giao dịch ngày 15/7/2026, quỹ thành viên thuộc Dragon Capital là Hanoi Investments Holdings Limited đã bán ra 214.000 cổ phiếu FRT. Sau giao dịch nêu trên, nhóm Dragon Capital đã giảm sở hữu từ gần 9,1 triệu cổ phiếu xuống còn hơn 8,8 triệu cổ phiếu, tương tương tỷ lệ sở hữu giảm từ 5,0648% xuống 4,9451% vốn và rời ghế cổ đông lớn tại FPT Retail. Nguồn: FRT Trong một diễn biến khác, kết thúc đợt phát hành ngày 30/6/2026, FPT Retail đã phân phối thành công hơn 8,5 triệu cổ phiếu trả cổ tức cho 8.696 cổ đông, còn lại 1.820 cổ phiếu lẻ sẽ bị hủy bỏ. Tỷ lệ thực hiện quyền là 20:1, tức cổ đông sở hữu 20 cổ phiếu sẽ được nhận 1 cổ phiếu mới. Ngày dự kiến chuyển giao cổ phiếu trước khi kết thúc quý III/2026. Tổng giá trị phát hành tính theo mệnh giá hơn 85 tỷ đồng, nguồn vốn được lấy từ Lợi nhuận sau thuế chưa phân phối tại thời điểm ngày 31/12/2025 theo Báo cáo tài chính riêng năm 2025 đã được kiểm toán của FPT Retail. Sau đợt phát hành thành công, vốn điều lệ của FPT Retail tăng từ hơn 1.703 tỷ đồng lên mức hơn 1.788 tỷ đồng. Về tình hình kinh doanh, theo báo cáo tài chính hợp nhất quý I/2026, FPT Retail mang về doanh thu thuần gần 15.117 tỷ đồng, tăng 29,5% so với cùng kỳ năm ngoái; lợi nhuận sau thuế thu nhập doanh nghiệp đạt gần 374,6 tỷ đồng, tăng 76%. Tính đến ngày 31/3/2026, tổng tài sản của FPT Retail tăng 9,8% so với đầu năm, lên mức hơn 26.027 tỷ đồng. Trong đó, hàng tồn kho hơn 14.447 tỷ đồng, chiếm 55,5% tổng tài sản. Bên kia bảng cân đối kế toán, tổng nợ phải trả đang ở mức hơn 20.513 tỷ đồng, tăng 10,4% so với đầu năm. Trong đó, doanh nghiệp vay và nợ thuê tài chính ngắn hạn hơn 12.381 tỷ đồng, chiếm 60,4% tổng nợ.",1901,CafeF,2026-07-28 08:34:52
"Gặp Thủ tướng, Chủ tịch Viettel Tào Đức Thắng đưa ra đề xuất cho loạt doanh nghiệp gồm Viettel, VNPT, MobiFone, FPT, CMC,...",https://cafef.vn/gap-thu-tuong-chu-tich-viettel-tao-duc-thang-dua-ra-de-xuat-danh-cho-viettel-vnpt-mobifone-fpt-cmc-188260718135501649.chn,18-07-2026 - 13:54 PM,,"Sáng nay, tại trụ sở Chính phủ đã diễn ra Hội nghị Thường trực Chính phủ với cộng đồng doanh nghiệp có chủ đề ""Tháo gỡ điểm nghẽn - Khơi thông nguồn lực - Thúc đẩy tăng trưởng"" dưới sự chủ trì của Thủ tướng Chính phủ Lê Minh Hưng. Theo đó, Hội nghị sẽ rà soát, nhận diện các khó khăn, vướng mắc từ cộng đồng doanh nghiệp. Tổng hợp ý kiến của các hiệp hội doanh nghiệp trong và ngoài nước, báo cáo của các bộ, đặc biệt là Bộ Tài chính cũng nêu các nhóm vấn đề còn có vướng mắc (thể chế và tổ chức thực thi chính sách; tiếp cận các nguồn lực sản xuất; chi phí và dòng tiền; thị trường và chuỗi cung ứng; khoa học công nghệ, đổi mới sáng tạo và nhân lực chất lượng cao; liên kết giữa 3 khu vực doanh nghiệp). Bộ trưởng Bộ Tài chính Ngô Văn Tuấn cộng đồng doanh nghiệp hiện đối mặt với sáu nhóm khó khăn chính, gồm: thể chế và khâu tổ chức thực hiện còn chồng chéo, thiếu thống nhất; khó tiếp cận vốn, đất đai và nguồn lực sản xuất; chi phí kinh doanh và áp lực dòng tiền cao; thị trường, chuỗi cung ứng chịu tác động từ bảo hộ thương mại và các tiêu chuẩn xanh; hạn chế về khoa học công nghệ, đổi mới sáng tạo và nhân lực chất lượng cao; liên kết giữa doanh nghiệp nhà nước, tư nhân và FDI còn lỏng lẻo. Những khó khăn nêu trên có nguyên nhân cả khách quan và chủ quan. Tuy nhiên, theo người đứng đầu Bộ Tài chính, qua quá trình tổng hợp và rà soát, có thể thấy phần lớn không xuất phát từ việc thiếu chủ trương hay thiếu cơ chế, chính sách, mà chủ yếu do những điểm nghẽn trong quá trình tổ chức thực hiện. Đây cũng là nội dung cần được tập trung tháo gỡ với tinh thần quyết liệt, thực chất và đồng bộ hơn trong thời gian tới. Để khơi thông nguồn lực, Bộ Tài chính đề xuất đồng bộ hóa pháp luật, chuyển từ tiền kiểm sang hậu kiểm dựa trên dữ liệu, số hóa toàn diện thủ tục hành chính, mở rộng các hình thức cấp tín dụng và tài sản bảo đảm, xử lý dự án và đất đai tồn đọng, phát triển hạ tầng chiến lược, giảm chi phí tuân thủ, logistics và hỗ trợ doanh nghiệp đáp ứng tiêu chuẩn xanh. Đồng thời, cần thiết lập cơ chế liên kết và đo lường kết quả giữa ba khu vực doanh nghiệp. Lựa chọn các ngành có khả năng lan tỏa cao như năng lượng, điện lực, dầu khí, viễn thông, hạ tầng số, logistics, chế biến, chế tạo, công nghiệp hỗ trợ, nông nghiệp công nghệ cao và chuyển đổi xanh để xây dựng chuỗi liên kết. Xác định doanh nghiệp nhà nước, doanh nghiệp FDI và doanh nghiệp tư nhân lớn làm hạt nhân; doanh nghiệp nhỏ và vừa tham gia các công đoạn cung ứng, dịch vụ kỹ thuật, thiết kế, bảo trì và logistics. Đồng tình với báo cáo của Bộ Tài chính, Trung tướng Tào Đức Thắng, Chủ tịch kiêm Tổng Giám đốc Tập đoàn Viettel cho biết, báo cáo đã đánh giá toàn diện bức tranh phát triển của đất nước, nhìn nhận khách quan vai trò của ba khu vực kinh tế, đồng thời cho thấy sự chuyển biến trong tư duy điều hành: từ xử lý những khó khăn riêng lẻ sang triển khai các nhóm giải pháp mang tính bao trùm. Sớm đội ngũ doanh nghiệp công nghệ đầu tàu của quốc gia Từ góc nhìn của một doanh nghiệp, ông Tào Đức Thắng đưa ra bốn nhóm kiến nghị. Thứ nhất, Chủ tịch Viettel cho rằng Chính phủ cần sớm ban hành danh mục các doanh nghiệp nhà nước mạnh, có quy mô lớn và giữ vai trò dẫn dắt trong những ngành, lĩnh vực then chốt của nền kinh tế. Đồng thời, xác định rõ doanh nghiệp đầu tàu trong từng lĩnh vực và giao những nhiệm vụ chiến lược cụ thể, phù hợp với năng lực, lợi thế của từng doanh nghiệp. Theo ông Tào Đức Thắng, một doanh nghiệp được xác định là đầu tàu không chỉ thực hiện mục tiêu sản xuất kinh doanh, mà còn cần đảm nhận các nhiệm vụ có ý nghĩa chiến lược quốc gia. Những nhiệm vụ này có thể bao gồm dẫn dắt về công nghệ, phát triển chuỗi cung ứng trong nước, mở rộng thị trường quốc tế, làm chủ công nghệ chiến lược, phát triển sản phẩm công nghệ chiến lược và tham gia các dự án trọng điểm quốc gia. ""Có như vậy, doanh nghiệp nhà nước mới thực sự phát huy được vai trò dẫn dắt và tạo động lực cho nền kinh tế"", Chủ tịch Viettel nhấn mạnh. Ông cũng đánh giá cao định hướng phát huy vai trò của doanh nghiệp nhà nước với tư cách là người mua lớn, người đặt hàng lớn, qua đó tạo thị trường cho các sản phẩm và dịch vụ do doanh nghiệp Việt Nam cung cấp. Tuy nhiên, để chủ trương này đi vào thực tế, Viettel kiến nghị Chính phủ cần sớm ban hành hướng dẫn cụ thể về tiêu chí, phương thức tổ chức và cơ chế khuyến khích doanh nghiệp nhà nước ưu tiên sử dụng sản phẩm trong nước đáp ứng yêu cầu về chất lượng, năng lực. Trung tướng Tào Đức Thắng, Chủ tịch kiêm Tổng Giám đốc Tập đoàn Viettel. Ảnh: VGP/Nhật Bắc Bên cạnh các chỉ tiêu về doanh thu, lợi nhuận và hiệu quả sử dụng vốn, Chủ tịch Viettel đề xuất giao thêm cho doanh nghiệp đầu tàu những chỉ tiêu phản ánh mức độ lan tỏa đối với nền kinh tế. Các chỉ tiêu có thể bao gồm số lượng doanh nghiệp nhỏ và vừa tham gia chuỗi cung ứng, tỷ lệ nội địa hóa, giá trị mua sắm trong nước và số doanh nghiệp công nghệ được hỗ trợ phát triển sản phẩm. ""Mục tiêu là mỗi dự án của doanh nghiệp đầu tàu không chỉ tạo ra tăng trưởng cho riêng doanh nghiệp đó, mà còn kéo theo sự phát triển của hệ sinh thái doanh nghiệp Việt Nam, để một đồng vốn đầu tư của doanh nghiệp nhà nước có thể dẫn dắt nhiều đồng vốn của doanh nghiệp tư nhân và xã hội"", ông Tào Đức Thắng cho biết. Thứ hai, với vai trò là tập đoàn công nghệ, đối với các giải pháp phát triển khoa học công nghệ, đổi mới sáng tạo, Viettel rất đồng tình với quan điểm: Doanh nghiệp là trung tâm cho phát triển sản phẩm khoa học công nghệ, đổi mới sáng tạo. Lựa chọn doanh nghiệp đầu tàu có năng lực công nghệ, vốn, thị trường để tham gia ngay từ khâu đặt hàng, thiết kế, thử nghiệm, hoàn thiện, sản xuất và thương mại hóa sản phẩm. Nhà nước kiến tạo, đặt hàng, hỗ trợ thể chế, dữ liệu, hạ tầng và tiêu chuẩn. Viện, trường cung cấp tri thức, công nghệ, nhân lực cùng doanh nghiệp đưa sản phẩm ra thị trường. Theo mô hình này, những doanh nghiệp có năng lực về công nghệ, vốn và thị trường cần được tham gia ngay từ khâu đặt hàng, thiết kế, thử nghiệm, hoàn thiện, sản xuất đến thương mại hóa sản phẩm. Nhà nước giữ vai trò kiến tạo, đặt hàng và hỗ trợ về thể chế, dữ liệu, hạ tầng, tiêu chuẩn. Các viện nghiên cứu, trường đại học cung cấp tri thức, công nghệ và nhân lực, đồng hành với doanh nghiệp trong quá trình đưa sản phẩm ra thị trường. Viettel kiến nghị Chính phủ sớm cụ thể hóa quan điểm này bằng các cơ chế, chính sách đủ mạnh để hình thành một đội ngũ doanh nghiệp công nghệ đầu tàu của quốc gia, trong đó có Viettel, VNPT, MobiFone, FPT, CMC,... và được giao nhiệm vụ, được trao cơ chế và được tạo điều kiện tham gia phát triển các công nghệ chiến lược, sản phẩm chiến lược quốc gia. Thứ ba, tháo gỡ các điểm nghẽn về logistics. Tại mục 2, mục 3 phần III của báo cáo đã chỉ rõ những bất cập, thiếu đồng bộ của hạ tầng logistics và xác định chi phí logistics tiếp tục là những yếu tố làm giảm sức cạnh tranh của doanh nghiệp. Viettel đề xuất Chính phủ sớm ban hành quy hoạch hạ tầng logistics quốc gia theo hướng đồng bộ, liên thông giữa hệ thống giao thông, cảng biển, cảng hàng không, đường sắt, trung tâm logistics, kho vận, cửa khẩu thông minh và các trung tâm trung chuyển lớn. Việc hình thành một mạng lưới logistics hiện đại, thống nhất sẽ không chỉ giúp giảm chi phí logistics mà còn nâng cao năng lực cạnh tranh quốc gia, thúc đẩy phát triển thương mại điện tử, xuất khẩu và tăng trưởng kinh tế. Thứ tư, về giải pháp hỗ trợ doanh nghiệp mở rộng thị trường, đặc biệt là ra nước ngoài. Bên cạnh việc tiếp tục đẩy mạnh ngoại giao kinh tế như báo cáo đã đề cập, đề xuất Chính phủ nghiên cứu cơ chế cho phép doanh nghiệp, đặc biệt là doanh nghiệp nhà nước, được trích lập Quỹ Xúc tiến đầu tư từ lợi nhuận trước thuế. Thực tiễn cho thấy khi xúc tiến đầu tư nước ngoài, cần rất nhiều chi phí trong giai đoạn đầu và có thể xúc tiến thành công hoặc không thành công, nên rất mong có Quỹ này. ""Ngoài ra, như gợi ý của Thủ tướng Chính phủ về việc tiếp cận vốn, hiện nay Tập đoàn đang xúc tiến một số thị trường. Khi đề xuất các ngân hàng trong nước ra nước ngoài bảo lãnh, chi phí của ngân hàng trong nước cao hơn 50 - 60% so với nước ngoài. Rất mong chúng ta có cơ chế để khơi thông được nguồn vốn trong nước cùng nhau đi ra nước ngoài"", lãnh đạo Tập đoàn Viettel cho biết.",8160,CafeF,2026-07-28 08:34:32
"Gặp Thủ tướng, lãnh đạo DN có doanh thu gần 9 tỷ USD kiến nghị gì mà MobiFone, FPT... đều được nhắc tên?",https://cafef.vn/gap-thu-tuong-lanh-dao-dn-co-doanh-thu-gan-9-ty-usd-kien-nghi-gi-ma-mobifone-fpt-deu-duoc-nhac-ten-188260718153220642.chn,18-07-2026 - 15:50 PM,,"Doanh nghiệp này là Tập đoàn Công nghiệp - Viễn thông Quân đội (Viettel). Sáng nay (18/7), tại trụ sở Chính phủ, Thủ tướng Lê Minh Hưng chủ trì Hội nghị Thường trực Chính phủ với cộng đồng doanh nghiệp có chủ đề ""Tháo gỡ điểm nghẽn - Khơi thông nguồn lực - Thúc đẩy tăng trưởng"". Hội nghị này được tổ chức nhằm rà soát các vướng mắc, lắng nghe kiến nghị để hoàn thiện chính sách và tháo gỡ các điểm nghẽn trong thực thi. Thủ tướng đề nghị các doanh nghiệp thẳng thắn đóng góp ý kiến, “nếu có vấn đề gì khen Chính phủ thì để dịp khác”. Hội nghị chủ yếu nêu các khó khăn và kiến nghị giải pháp để Chính phủ, các bộ ngành, chính quyền địa phương làm tốt chức năng và các doanh nghiệp có hiệu quả, nhằm đóng góp vào thành tựu chung. Người đứng đầu Chính phủ nêu rõ, nhiệm vụ từ nay tới cuối năm rất nặng nề. Do đó, chúng ta vừa phải tập trung tiếp tục củng cố nền tảng vĩ mô vững chắc, vừa phải khai thác hiệu quả hơn nữa các nguồn lực, động lực để đạt tăng trưởng cao, bền vững. Trong đó, vai trò và trách nhiệm của cộng đồng doanh nghiệp là đặc biệt quan trọng, quyết định sự thành công trong đạt mục tiêu phát triển kinh tế - xã hội . Trung tướng Tào Đức Thắng, Chủ tịch kiêm Tổng Giám đốc Tập đoàn Viettel, đề xuất các kiến nghị. Ảnh: VGP Tại Hội nghị, đại diện doanh nghiệp phát biểu, Trung tướng Tào Đức Thắng, Chủ tịch kiêm Tổng Giám đốc Tập đoàn Viettel, bày tỏ sự nhất trí cao và đặc biệt tâm đắc với báo cáo trung tâm do Bộ trưởng Bộ Tài Chính trình bày. Trên cơ sở đồng tình với báo cáo, Trung tướng Tào Đức Thắng xin đề xuất 4 kiến nghị. Thứ nhất, đề nghị Chính phủ sớm xác định danh mục doanh nghiệp nhà nước đầu tàu và giao các nhiệm vụ chiến lược cụ thể, có cơ chế để doanh nghiệp nhà nước ưu tiên sử dụng sản phẩm, dịch vụ của doanh nghiệp Việt Nam. Như vậy, doanh nghiệp nhà nước mới thực sự phát huy được vai trò dẫn dắt và tạo động lực cho nền kinh tế. Đồng thời, lãnh đạo Tập đoàn Viettel kiến nghị Chính phủ sớm ban hành các cơ chế hướng dẫn cụ thể về tiêu chí, phương thức tổ chức thực hiện, đồng thời cơ chế khuyến khích các doanh nghiệp nhà nước ưu tiên sử dụng sản phẩm, dịch vụ của doanh nghiệp Việt Nam đáp ứng các yêu cầu về chất lượng và năng lực. Ngoài ra, Chính phủ có thể nghiên cứu giao thêm cho các doanh nghiệp đầu tàu một số chỉ tiêu phản ánh mức độ lan tỏa với nền kinh tế, chẳng hạn như số lượng doanh nghiệp nhỏ và vừa tham gia chuỗi cung ứng, tỉ lệ nội địa hóa, giá trị mua sắm trong nước, số doanh nghiệp công nghệ được hỗ trợ phát triển sản phẩm. Thứ hai, lãnh đạo Tập đoàn Viettel rất đồng tình với quan điểm: Doanh nghiệp là trung tâm cho phát triển sản phẩm khoa học công nghệ, đổi mới sáng tạo. Lựa chọn doanh nghiệp đầu tàu có năng lực công nghệ, vốn, thị trường để tham gia ngay từ khâu đặt hàng, thiết kế, thử nghiệm, hoàn thiện, sản xuất và thương mại hóa sản phẩm. Đáng chú ý, Nhà nước kiến tạo, đặt hàng, hỗ trợ thể chế, dữ liệu, hạ tầng và tiêu chuẩn. Trong khi đó, Viện, trường cung cấp tri thức, công nghệ, nhân lực cùng doanh nghiệp đưa sản phẩm ra thị trường. Tập đoàn Viettel kiến nghị Chính phủ sớm cụ thể hóa quan điểm này bằng các cơ chế, chính sách đủ mạnh để hình thành một đội ngũ doanh nghiệp công nghệ đầu tàu của quốc gia, trong đó có Viettel, VNPT, MobiFone, FPT, CMC... và được giao nhiệm vụ, được trao cơ chế và được tạo điều kiện tham gia phát triển các công nghệ chiến lược, sản phẩm chiến lược quốc gia. Đồng thời, Viettel kiến nghị cần tiếp tục tháo gỡ những điểm nghẽn về cơ chế tài chính, đầu tư, mua sắm công, thử nghiệm công nghệ, tiếp cận dữ liệu, thương mại hóa kết quả nghiên cứu... Thứ ba, tháo gỡ các điểm nghẽn về logistics. Tập đoàn Viettel đề xuất Chính phủ sớm ban hành quy hoạch hạ tầng logistics quốc gia theo hướng đồng bộ, liên thông giữa hệ thống giao thông, cảng biển, cảng hàng không, đường sắt, trung tâm logistics, kho vận, cửa khẩu thông minh và các trung tâm trung chuyển lớn. Thứ tư, Trung tướng Tào Đức Thắng đề nghị nghiên cứu cơ chế lập quỹ xúc tiến đầu tư ra nước ngoài nhằm hỗ trợ doanh nghiệp mở rộng thị trường. Ông cho biết thêm, hiện nay Tập đoàn Viettel đang xúc tiến một số thị trường. Tuy nhiên, khi đề xuất các ngân hàng trong nước ra nước ngoài bảo lãnh, chi phí của ngân hàng trong nước lại cao hơn 50 - 60% so với nước ngoài. Do đó, cần có cơ chế để khơi thông được nguồn vốn trong nước cùng nhau đi ra nước ngoài. Viettel là một trong những tập đoàn hàng đầu của Việt Nam. Ảnh: Viettel Theo báo cáo công bố thông tin định kỳ năm 2025, Tập đoàn Viettel đã ghi nhận tổng doanh thu và thu nhập hợp nhất đạt 223.085 tỷ đồng, tướng ứng tăng khoảng 15,2% so với năm 2024. Đáng chú ý, quy đổi tương đối, con số doanh thu trên tương đương với gần 9 tỷ USD. Lợi nhuận trước thuế hợp nhất của Viettel đạt 57.688 tỷ đồng, tương ứng tăng khoảng 6,2% so với năm trước. Trong khi đó, lợi nhuận sau thuế đạt 44.638 tỷ đồng, tăng khoảng 6,4%. Thuế và các khoản mà taapjd doàn phải nộp Nhà nước đạt 42.290 tỷ đồng. Viettel hiện đang tham gia sâu hơn các lĩnh vực hạ tầng số, công nghệ cao, logistics và chuyển đổi số quốc gia, đồng thời ghi dấu ấn tại nhiều quốc gia.",5062,CafeF,2026-07-28 08:34:47
"Chủ tịch Viettel đề xuất Chính phủ sớm lập ""đội hình"" doanh nghiệp công nghệ đầu tàu quốc gia gồm Viettel, FPT, VNPT, CMC… với cơ chế đặc biệt",https://cafef.vn/chu-tich-viettel-de-xuat-chinh-phu-som-lap-doi-hinh-doanh-nghiep-cong-nghe-dau-tau-quoc-gia-gom-viettel-fpt-vnpt-cmc-voi-co-che-dac-biet-188260718183305342.chn,18-07-2026 - 18:32 PM,,"Ông Tào Đức Thắng, Chủ tịch kiêm Tổng Giám đốc Tập đoàn Viettel, đề xuất các kiến nghị - Ảnh: VGP/Nhật Bắc. Sáng 18/7 diễn ra Hội nghị Thường trực Chính phủ với cộng đồng doanh nghiệp có chủ đề ""Tháo gỡ điểm nghẽn - Khơi thông nguồn lực - Thúc đẩy tăng trưởng"". Chia sẻ tại Hội nghị, ông Tào Đức Thắng, Chủ tịch kiêm Tổng Giám đốc Tập đoàn Viettel cho biết với vai trò là doanh nghiệp nhà nước, ông quan tâm đến giải pháp hoàn thiện các danh mục doanh nghiệp nhà nước mạnh, quy mô lớn, có vai trò dẫn dắt trong ngành, lĩnh vực then chốt, chiến lược của nền kinh tế. Lãnh đạo Tập đoàn Viettel đề nghị Chính phủ sớm ban hành danh mục này, đồng thời xác định rõ doanh nghiệp đầu tàu trong từng lĩnh vực và giao những nhiệm vụ chiến lược cụ thể, phù hợp với năng lực, lợi thế của từng doanh nghiệp. “Khi đã xác định là doanh nghiệp đầu tàu thì ngoài mục tiêu về sản xuất kinh doanh, cần được giao thêm những nhiệm vụ mang ý nghĩa chiến lược quốc gia như: Dẫn dắt về công nghệ, phát triển chuỗi cung ứng trong nước, mở rộng thị trường quốc tế, làm chủ các công nghệ chiến lược, tạo ra các sản phẩm công nghệ chiến lược, tham gia các dự án trọng điểm quốc gia. Có như vậy, doanh nghiệp nhà nước mới thực sự phát huy được vai trò dẫn dắt và tạo động lực cho nền kinh tế”, ông phân tích. Với vai trò là tập đoàn công nghệ, đối với các giải pháp phát triển khoa học công nghệ, đổi mới sáng tạo, lãnh đạo Viettel bày tỏ đồng tình với quan điểm coi doanh nghiệp là trung tâm cho phát triển sản phẩm khoa học công nghệ, đổi mới sáng tạo. Lựa chọn doanh nghiệp đầu tàu có năng lực công nghệ, vốn, thị trường để tham gia ngay từ khâu đặt hàng, thiết kế, thử nghiệm, hoàn thiện, sản xuất và thương mại hóa sản phẩm. Nhà nước kiến tạo, đặt hàng, hỗ trợ thể chế, dữ liệu, hạ tầng và tiêu chuẩn. Viện, trường cung cấp tri thức, công nghệ, nhân lực cùng doanh nghiệp đưa sản phẩm ra thị trường. Viettel kiến nghị Chính phủ sớm cụ thể hóa quan điểm này bằng các cơ chế, chính sách đủ mạnh để hình thành một đội ngũ doanh nghiệp công nghệ đầu tàu của quốc gia, trong đó có Viettel, VNPT, MobiFone, FPT, CMC,... và được giao nhiệm vụ, được trao cơ chế và được tạo điều kiện tham gia phát triển các công nghệ chiến lược, sản phẩm chiến lược quốc gia. Đồng thời, cần tiếp tục tháo gỡ những điểm nghẽn về cơ chế tài chính, đầu tư, mua sắm công, thử nghiệm công nghệ, tiếp cận dữ liệu, thương mại hóa kết quả nghiên cứu. Theo ông Thắng, đây chính là điều kiện tiên quyết để doanh nghiệp mạnh dạn đầu tư dài hạn, nâng cao năng lực đổi mới sáng tạo và đóng góp nhiều hơn nữa cho tăng trưởng kinh tế của đất nước. Viettel kiến nghị cần có cơ chế hấp dẫn để tập đoàn lớn trở thành đầu tàu dẫn dắt nhiều ngành kinh tế. Ảnh: Internet. Về giải pháp phát huy vai trò của doanh nghiệp nhà nước với tư cách là người mua lớn, người đặt hàng lớn để tạo ra thị trường cho doanh nghiệp trong nước, ông Thắng đánh giá đây là một chủ trương rất đúng và rất trúng. Tuy nhiên, để chủ trương này đi vào thực tiễn, ông kiến nghị Chính phủ sớm ban hành các cơ chế hướng dẫn cụ thể về tiêu chí, phương thức tổ chức thực hiện, cũng như là cơ chế khuyến khích các doanh nghiệp nhà nước ưu tiên sử dụng sản phẩm, dịch vụ của doanh nghiệp Việt Nam đáp ứng các yêu cầu về chất lượng và năng lực. Bên cạnh đó, Chính phủ có thể nghiên cứu giao thêm cho các doanh nghiệp đầu tàu một số chỉ tiêu phản ánh mức độ lan tỏa với nền kinh tế như là: số lượng doanh nghiệp nhỏ và vừa tham gia chuỗi cung ứng, tỉ lệ nội địa hóa, giá trị mua sắm trong nước, số doanh nghiệp công nghệ được hỗ trợ phát triển sản phẩm. “Mục tiêu là mỗi dự án của doanh nghiệp đầu tàu không chỉ tạo ra sự tăng trưởng cho riêng doanh nghiệp đó mà còn kéo theo sự phát triển của hệ sinh thái doanh nghiệp Việt Nam, để một đồng vốn đầu tư của doanh nghiệp nhà nước có thể dẫn dắt được nhiều đồng vốn của doanh nghiệp tư nhân và xã hội”, ông Thắng nói. Về giải pháp hỗ trợ doanh nghiệp mở rộng thị trường, đặc biệt là ra nước ngoài, lãnh đạo Viettel cho rằng bên cạnh việc tiếp tục đẩy mạnh ngoại giao kinh tế, đề xuất Chính phủ nghiên cứu cơ chế cho phép doanh nghiệp, đặc biệt là doanh nghiệp nhà nước, được trích lập Quỹ Xúc tiến đầu tư từ lợi nhuận trước thuế. “Thực tiễn cho thấy khi xúc tiến đầu tư nước ngoài, cần rất nhiều chi phí trong giai đoạn đầu và có thể xúc tiến thành công hoặc không thành công, nên rất mong có Quỹ này. Ngoài ra, như gợi ý của Thủ tướng Chính phủ về việc tiếp cận vốn, hiện nay Tập đoàn đang xúc tiến một số thị trường. Khi đề xuất các ngân hàng trong nước ra nước ngoài bảo lãnh, chi phí của ngân hàng trong nước cao hơn 50 - 60% so với nước ngoài. Rất mong chúng ta có cơ chế để khơi thông được nguồn vốn trong nước cùng nhau đi ra nước ngoài”, ông nhấn mạnh. Liên quan đến tháo gỡ các điểm nghẽn về logistics, Viettel đề xuất Chính phủ sớm ban hành quy hoạch hạ tầng logistics quốc gia theo hướng đồng bộ, liên thông giữa hệ thống giao thông, cảng biển, cảng hàng không, đường sắt, trung tâm logistics, kho vận, cửa khẩu thông minh và các trung tâm trung chuyển lớn. Theo ông Thắng, việc hình thành một mạng lưới logistics hiện đại, thống nhất sẽ không chỉ giúp giảm chi phí logistics mà còn nâng cao năng lực cạnh tranh quốc gia, thúc đẩy phát triển thương mại điện tử, xuất khẩu và tăng trưởng kinh tế.",5251,CafeF,2026-07-28 08:34:56
"4 “viên kim cương” từng được khối ngoại săn đón: FPT, PNJ mất dần sức hút",https://cafef.vn/4-vien-kim-cuong-tung-duoc-khoi-ngoai-san-don-fpt-pnj-mat-dan-suc-hut-188260716223121019.chn,17-07-2026 - 00:05 AM,,"Có một thời, chỉ cần nhắc đến nhóm cổ phiếu ""kín room ngoại"", nhà đầu tư sẽ nghĩ ngay đến FPT, MWG, REE hay PNJ. Đây đều là những doanh nghiệp đầu ngành, có nền tảng cơ bản tốt, tăng trưởng ổn định và luôn nằm trong danh sách được các quỹ đầu tư nước ngoài săn đón. Không ít giai đoạn, việc mua được những cổ phiếu này trên sàn gần như là điều không thể đối với khối ngoại bởi room sở hữu đã kín từ nhiều năm. Thậm chí, có những thời điểm trong quá khứ, nhà đầu tư nước ngoài phải chấp nhận thoả thuận với mức premium lên đến hàng chục % so với thị giá để sở hữu các cổ phiếu này. Đáng chú ý, 4 cổ phiếu trên cũng thường xuyên chiếm tỷ trọng lớn trong rổ VNDiamond – chỉ số tập hợp các doanh nghiệp chất lượng cao đã kín hoặc gần kín room ngoại. Sự ra đời của các ETF mô phỏng VNDiamond cũng phần nào xuất phát từ nhu cầu tìm kiếm một ""cánh cửa"" gián tiếp để dòng vốn ngoại tiếp cận những “viên kim cương” hết room. Tuy nhiên, cục diện đã thay đổi đáng kể thời gian gần đây. Theo dữ liệu đến ngày 16/7/2026, trong nhóm 4 cổ phiếu từng được xem là ""hàng hiếm"" của khối ngoại, chỉ còn MWG và REE gần như vẫn kín room. Trong khi đó, PNJ đã bắt đầu xuất hiện lượng room trống đáng kể, còn FPT thậm chí hở tới 21% room ngoại. Câu chuyện về room ngoại phản ánh sự thay đổi đáng kể trong xu hướng phân bổ vốn của nhà đầu tư nước ngoài. Trong nhiều năm, FPT luôn được xem là ""ngôi sao"" của khối ngoại. Cổ phiếu công nghệ này liên tục kín room nhờ tăng trưởng lợi nhuận cao, vị thế dẫn đầu ngành phần mềm và kỳ vọng hưởng lợi từ xu hướng chuyển đổi số toàn cầu. Tuy nhiên, từ năm 2025, FPT liên tục nằm trong nhóm cổ phiếu bị khối ngoại bán ròng mạnh nhất thị trường. Tính từ đầu năm 2026 đến nay, FPT chính là cái tên bị khối ngoại xả mạnh nhất với giá trị hơn 16.600 tỷ đồng. Áp lực bán kéo dài khiến lượng sở hữu nước ngoài giảm nhanh, kéo theo room ngoại được mở rộng lên mức cao nhất trong nhiều năm. Đối với PNJ, sự thay đổi diễn ra trong thời gian ngắn hơn. Sau biến cố liên quan đến hoạt động kinh doanh kim cương xảy ra vào đầu tháng 7, cổ phiếu này chứng kiến áp lực bán từ nhà đầu tư nước ngoài, khiến room ngoại bắt đầu xuất hiện trở lại sau nhiều năm luôn trong trạng thái khan hiếm. Trong khi đó, MWG vẫn duy trì sức hút lớn với nhà đầu tư nước ngoài. Thực tế, cổ phiếu này cũng từng bị khối ngoại bán ròng mạnh trong giai đoạn tái cấu trúc. Việc Bách Hóa Xanh tìm ra công thức chiến thắng đã giúp kết quả kinh doanh cải thiện rõ rệt, qua đó làm thay đổi góc nhìn của nhà đầu tư nước ngoài. Trường hợp của REE lại mang màu sắc khác. Dù room ngoại cũng gần như kín, nhưng phần lớn lượng sở hữu nước ngoài đang nằm trong tay cổ đông chiến lược Jardine Cycle & Carriage (JC&C). Điều này khiến lượng cổ phiếu thực sự có thể giao dịch dành cho nhà đầu tư nước ngoài trên thị trường gần như không còn. Nhìn chung, sau nhiều năm được xem là những ""hàng hiếm"" trên thị trường chứng khoán Việt Nam, FPT và PNJ đang dần đánh mất sức hút với nhà đầu tư nước ngoài. Dòng tiền ngoại tái cơ cấu mạnh mẽ theo khẩu vị đầu tư mới đang tạo ra những thay đổi lớn trong bức tranh room ngoại của nhóm Bluechips.",3095,CafeF,2026-07-28 08:34:23
FPT thắng thầu 14 dự án trị giá ít nhất hơn 3.600 tỷ đồng,https://cafef.vn/fpt-thang-thau-14-du-an-tri-gia-it-nhat-hon-3600-ty-dong-188260716201654253.chn,16-07-2026 - 20:16 PM,,"Theo đó, kết thúc 6 tháng đầu năm 2026, FPT ghi nhận doanh thu 26.269 tỷ đồng, lợi nhuận trước thuế 5.714 tỷ đồng, lần lượt tăng 12,6% và 18,1% so với cùng kỳ năm ngoái. Trong tỷ trọng đóng góp, Khối Công nghệ (bao gồm Dịch vụ CNTT trong nước và Dịch vụ CNTT nước ngoài) tiếp tục giữ vai trò chủ chốt, đóng góp 88% doanh thu và 58% lợi nhuận trước thuế của toàn Tập đoàn, tương đương 23.138 tỷ đồng và 3.314 tỷ đồng, tăng trưởng lần lượt 15,0% và 16,9% so với cùng kỳ năm trước. Trong đó, doanh thu mảng Dịch vụ CNTT nước ngoài duy trì tăng trưởng 13,4%, đạt 18.902 tỷ đồng. Động lực tăng trưởng chính đến từ thị trường Nhật Bản với mức tăng trưởng đạt 24,4% so với cùng kỳ. Còn mảng Dịch vụ CNTT trong nước ghi nhận doanh thu đạt 4.236 tỷ đồng (tăng 22,5% so với cùng kỳ) và lợi nhuận trước thuế đạt 308 tỷ đồng (tăng 100,5% so với cùng kỳ), chủ yếu nhờ gia tăng tỷ trọng dịch vụ/phần mềm. Hai cụm AI Factory tại Việt Nam và Nhật Bản đã đạt mức khai thác trên 90%. (Ảnh: FPT) Đáng chú ý, trong nửa đầu năm 2026, FPT đã thắng thầu 14 dự án với quy mô hơn 10 triệu USD/dự án (tương đương ít nhất hơn 3.600 tỷ đồng). FPT tiếp tục ghi nhận đà tăng trưởng mạnh từ các hợp đồng chuyển đổi AI với khách hàng doanh nghiệp trên toàn cầu. Nổi bật là hợp đồng AI trị giá hàng chục triệu USD với một tập đoàn vật liệu hàng đầu thế giới nhằm triển khai nền tảng FleziPT, hỗ trợ chuyển đổi sang mô hình Agentic AI và tối ưu vận hành trên quy mô toàn doanh nghiệp. Cũng liên quan đến lĩnh vực AI, sau hơn một năm đi vào vận hành, cả hai cụm AI Factory tại Việt Nam và Nhật Bản đã đạt mức khai thác trên 90% và đều đã ghi nhuận lợi nhuận trong quý II/2026, phản ánh nhu cầu ngày càng tăng đối với hạ tầng AI chuyên dụng. Trái với kết quả kinh doanh đầy khả quan mới công bố, trước đó, trong ngày 15/7, cổ phiếu FPT bất ngờ chịu áp lực bán mạnh, qua đó giảm 5% xuống mức 66.800 đồng/cp, thấp nhất trong gần 32 tháng, kể từ đầu tháng 12/2023. Vốn hóa thị trường tương ứng còn chưa đến 115.000 tỷ đồng, ""bốc hơi"" gần một nửa so với đỉnh hồi cuối tháng 1/2025. Áp lực bán tăng vọt đẩy thanh khoản cổ phiếu này tăng vọt lên hơn 21 triệu đơn vị, gấp nhiều lần trung bình vài tuần trở lại đây. Trong đó, khối ngoại bán ròng 5 triệu đơn vị tương ứng giá trị khoảng 350 tỷ đồng. Từ đầu năm đến nay, FPT cũng là cổ phiếu bị khối ngoại bán ròng mạnh nhất toàn sàn với tổng giá trị lên đến 16.500 tỷ đồng./",2379,CafeF,2026-07-28 08:34:25
